chsh_thr,qber_thr_pct,fp_rate,detect_p005,detect_p020
2.2,1.5,0.15866,0.99018,1.0
2.2,1.6,0.11346,0.98321,1.0
2.2,1.71,0.07829,0.97236,1.0
2.2,1.81,0.05208,0.95621,1.0
2.2,1.92,0.03338,0.93319,1.0
2.2,2.02,0.02059,0.90176,1.0
2.2,2.12,0.01222,0.86067,1.0
2.2,2.23,0.00698,0.80921,1.0
2.2,2.33,0.00383,0.74751,1.0
2.2,2.44,0.00202,0.67664,1.0
2.2,2.54,0.00102,0.59871,1.0
2.2,2.65,0.0005,0.51662,1.0
2.2,2.75,0.00023,0.43382,1.0
2.2,2.85,0.0001,0.35383,1.0
2.2,2.96,4e-05,0.27983,1.0
2.2,3.06,2e-05,0.21428,1.0
2.2,3.17,1e-05,0.15866,1.0
2.2,3.27,0.0,0.11346,1.0
2.2,3.38,0.0,0.07829,1.0
2.2,3.48,0.0,0.05208,1.0
2.2,3.58,0.0,0.03338,1.0
2.2,3.69,0.0,0.02059,1.0
2.2,3.79,0.0,0.01222,1.0
2.2,3.9,0.0,0.00698,1.0
2.2,4.0,0.0,0.00383,1.0
2.221,1.5,0.15866,0.99018,1.0
2.221,1.6,0.11346,0.98321,1.0
2.221,1.71,0.07829,0.97236,1.0
2.221,1.81,0.05208,0.95621,1.0
2.221,1.92,0.03338,0.93319,1.0
2.221,2.02,0.02059,0.90176,1.0
2.221,2.12,0.01222,0.86067,1.0
2.221,2.23,0.00698,0.80921,1.0
2.221,2.33,0.00383,0.74751,1.0
2.221,2.44,0.00202,0.67664,1.0
2.221,2.54,0.00102,0.59871,1.0
2.221,2.65,0.0005,0.51662,1.0
2.221,2.75,0.00023,0.43382,1.0
2.221,2.85,0.0001,0.35383,1.0
2.221,2.96,4e-05,0.27983,1.0
2.221,3.06,2e-05,0.21428,1.0
2.221,3.17,1e-05,0.15866,1.0
2.221,3.27,0.0,0.11346,1.0
2.221,3.38,0.0,0.07829,1.0
2.221,3.48,0.0,0.05208,1.0
2.221,3.58,0.0,0.03338,1.0
2.221,3.69,0.0,0.02059,1.0
2.221,3.79,0.0,0.01222,1.0
2.221,3.9,0.0,0.00698,1.0
2.221,4.0,0.0,0.00383,1.0
2.242,1.5,0.15866,0.99018,1.0
2.242,1.6,0.11346,0.98321,1.0
2.242,1.71,0.07829,0.97236,1.0
2.242,1.81,0.05208,0.95621,1.0
2.242,1.92,0.03338,0.93319,1.0
2.242,2.02,0.02059,0.90176,1.0
2.242,2.12,0.01222,0.86067,1.0
2.242,2.23,0.00698,0.80921,1.0
2.242,2.33,0.00383,0.74751,1.0
2.242,2.44,0.00202,0.67664,1.0
2.242,2.54,0.00102,0.59871,1.0
2.242,2.65,0.0005,0.51662,1.0
2.242,2.75,0.00023,0.43382,1.0
2.242,2.85,0.0001,0.35383,1.0
2.242,2.96,4e-05,0.27983,1.0
2.242,3.06,2e-05,0.21428,1.0
2.242,3.17,1e-05,0.15866,1.0
2.242,3.27,0.0,0.11346,1.0
2.242,3.38,0.0,0.07829,1.0
2.242,3.48,0.0,0.05208,1.0
2.242,3.58,0.0,0.03338,1.0
2.242,3.69,0.0,0.02059,1.0
2.242,3.79,0.0,0.01222,1.0
2.242,3.9,0.0,0.00698,1.0
2.242,4.0,0.0,0.00383,1.0
2.262,1.5,0.15866,0.99018,1.0
2.262,1.6,0.11346,0.98321,1.0
2.262,1.71,0.07829,0.97236,1.0
2.262,1.81,0.05208,0.95621,1.0
2.262,1.92,0.03338,0.93319,1.0
2.262,2.02,0.02059,0.90176,1.0
2.262,2.12,0.01222,0.86067,1.0
2.262,2.23,0.00698,0.80921,1.0
2.262,2.33,0.00383,0.74751,1.0
2.262,2.44,0.00202,0.67664,1.0
2.262,2.54,0.00102,0.59871,1.0
2.262,2.65,0.0005,0.51662,1.0
2.262,2.75,0.00023,0.43382,1.0
2.262,2.85,0.0001,0.35383,1.0
2.262,2.96,4e-05,0.27983,1.0
2.262,3.06,2e-05,0.21428,1.0
2.262,3.17,1e-05,0.15866,1.0
2.262,3.27,0.0,0.11346,1.0
2.262,3.38,0.0,0.07829,1.0
2.262,3.48,0.0,0.05208,1.0
2.262,3.58,0.0,0.03338,1.0
2.262,3.69,0.0,0.02059,1.0
2.262,3.79,0.0,0.01222,1.0
2.262,3.9,0.0,0.00698,1.0
2.262,4.0,0.0,0.00383,1.0
2.283,1.5,0.15866,0.99018,1.0
2.283,1.6,0.11346,0.98321,1.0
2.283,1.71,0.07829,0.97236,1.0
2.283,1.81,0.05208,0.95621,1.0
2.283,1.92,0.03338,0.93319,1.0
2.283,2.02,0.02059,0.90176,1.0
2.283,2.12,0.01222,0.86067,1.0
2.283,2.23,0.00698,0.80921,1.0
2.283,2.33,0.00383,0.74751,1.0
2.283,2.44,0.00202,0.67664,1.0
2.283,2.54,0.00102,0.59871,1.0
2.283,2.65,0.0005,0.51662,1.0
2.283,2.75,0.00023,0.43382,1.0
2.283,2.85,0.0001,0.35383,1.0
2.283,2.96,4e-05,0.27983,1.0
2.283,3.06,2e-05,0.21428,1.0
2.283,3.17,1e-05,0.15866,1.0
2.283,3.27,0.0,0.11346,1.0
2.283,3.38,0.0,0.07829,1.0
2.283,3.48,0.0,0.05208,1.0
2.283,3.58,0.0,0.03338,1.0
2.283,3.69,0.0,0.02059,1.0
2.283,3.79,0.0,0.01222,1.0
2.283,3.9,0.0,0.00698,1.0
2.283,4.0,0.0,0.00383,1.0
2.304,1.5,0.15866,0.99018,1.0
2.304,1.6,0.11346,0.98321,1.0
2.304,1.71,0.07829,0.97236,1.0
2.304,1.81,0.05208,0.95621,1.0
2.304,1.92,0.03338,0.93319,1.0
2.304,2.02,0.02059,0.90176,1.0
2.304,2.12,0.01222,0.86067,1.0
2.304,2.23,0.00698,0.80921,1.0
2.304,2.33,0.00383,0.74751,1.0
2.304,2.44,0.00202,0.67664,1.0
2.304,2.54,0.00102,0.59871,1.0
2.304,2.65,0.0005,0.51662,1.0
2.304,2.75,0.00023,0.43382,1.0
2.304,2.85,0.0001,0.35383,1.0
2.304,2.96,4e-05,0.27983,1.0
2.304,3.06,2e-05,0.21428,1.0
2.304,3.17,1e-05,0.15866,1.0
2.304,3.27,0.0,0.11346,1.0
2.304,3.38,0.0,0.07829,1.0
2.304,3.48,0.0,0.05208,1.0
2.304,3.58,0.0,0.03338,1.0
2.304,3.69,0.0,0.02059,1.0
2.304,3.79,0.0,0.01222,1.0
2.304,3.9,0.0,0.00698,1.0
2.304,4.0,0.0,0.00383,1.0
2.325,1.5,0.15866,0.99018,1.0
2.325,1.6,0.11346,0.98321,1.0
2.325,1.71,0.07829,0.97236,1.0
2.325,1.81,0.05208,0.95621,1.0
2.325,1.92,0.03338,0.93319,1.0
2.325,2.02,0.02059,0.90176,1.0
2.325,2.12,0.01222,0.86067,1.0
2.325,2.23,0.00698,0.80921,1.0
2.325,2.33,0.00383,0.74751,1.0
2.325,2.44,0.00202,0.67664,1.0
2.325,2.54,0.00102,0.59871,1.0
2.325,2.65,0.0005,0.51662,1.0
2.325,2.75,0.00023,0.43382,1.0
2.325,2.85,0.0001,0.35383,1.0
2.325,2.96,4e-05,0.27983,1.0
2.325,3.06,2e-05,0.21428,1.0
2.325,3.17,1e-05,0.15866,1.0
2.325,3.27,0.0,0.11346,1.0
2.325,3.38,0.0,0.07829,1.0
2.325,3.48,0.0,0.05208,1.0
2.325,3.58,0.0,0.03338,1.0
2.325,3.69,0.0,0.02059,1.0
2.325,3.79,0.0,0.01222,1.0
2.325,3.9,0.0,0.00698,1.0
2.325,4.0,0.0,0.00383,1.0
2.346,1.5,0.15866,0.99018,1.0
2.346,1.6,0.11346,0.98321,1.0
2.346,1.71,0.07829,0.97236,1.0
2.346,1.81,0.05208,0.95621,1.0
2.346,1.92,0.03338,0.93319,1.0
2.346,2.02,0.02059,0.90176,1.0
2.346,2.12,0.01222,0.86067,1.0
2.346,2.23,0.00698,0.80921,1.0
2.346,2.33,0.00383,0.74751,1.0
2.346,2.44,0.00202,0.67664,1.0
2.346,2.54,0.00102,0.59871,1.0
2.346,2.65,0.0005,0.51662,1.0
2.346,2.75,0.00023,0.43382,1.0
2.346,2.85,0.0001,0.35383,1.0
2.346,2.96,4e-05,0.27983,1.0
2.346,3.06,2e-05,0.21428,1.0
2.346,3.17,1e-05,0.15866,1.0
2.346,3.27,0.0,0.11346,1.0
2.346,3.38,0.0,0.07829,1.0
2.346,3.48,0.0,0.05208,1.0
2.346,3.58,0.0,0.03338,1.0
2.346,3.69,0.0,0.02059,1.0
2.346,3.79,0.0,0.01222,1.0
2.346,3.9,0.0,0.00698,1.0
2.346,4.0,0.0,0.00383,1.0
2.367,1.5,0.15866,0.99018,1.0
2.367,1.6,0.11346,0.98321,1.0
2.367,1.71,0.07829,0.97236,1.0
2.367,1.81,0.05208,0.95621,1.0
2.367,1.92,0.03338,0.93319,1.0
2.367,2.02,0.02059,0.90176,1.0
2.367,2.12,0.01222,0.86067,1.0
2.367,2.23,0.00698,0.80921,1.0
2.367,2.33,0.00383,0.74751,1.0
2.367,2.44,0.00202,0.67664,1.0
2.367,2.54,0.00102,0.59871,1.0
2.367,2.65,0.0005,0.51662,1.0
2.367,2.75,0.00023,0.43382,1.0
2.367,2.85,0.0001,0.35383,1.0
2.367,2.96,4e-05,0.27983,1.0
2.367,3.06,2e-05,0.21428,1.0
2.367,3.17,1e-05,0.15866,1.0
2.367,3.27,0.0,0.11346,1.0
2.367,3.38,0.0,0.07829,1.0
2.367,3.48,0.0,0.05208,1.0
2.367,3.58,0.0,0.03338,1.0
2.367,3.69,0.0,0.02059,1.0
2.367,3.79,0.0,0.01222,1.0
2.367,3.9,0.0,0.00698,1.0
2.367,4.0,0.0,0.00383,1.0
2.388,1.5,0.15866,0.99018,1.0
2.388,1.6,0.11346,0.98321,1.0
2.388,1.71,0.07829,0.97236,1.0
2.388,1.81,0.05208,0.95621,1.0
2.388,1.92,0.03338,0.93319,1.0
2.388,2.02,0.02059,0.90176,1.0
2.388,2.12,0.01222,0.86067,1.0
2.388,2.23,0.00698,0.80921,1.0
2.388,2.33,0.00383,0.74751,1.0
2.388,2.44,0.00202,0.67664,1.0
2.388,2.54,0.00102,0.59871,1.0
2.388,2.65,0.0005,0.51662,1.0
2.388,2.75,0.00023,0.43382,1.0
2.388,2.85,0.0001,0.35383,1.0
2.388,2.96,4e-05,0.27983,1.0
2.388,3.06,2e-05,0.21428,1.0
2.388,3.17,1e-05,0.15866,1.0
2.388,3.27,0.0,0.11346,1.0
2.388,3.38,0.0,0.07829,1.0
2.388,3.48,0.0,0.05208,1.0
2.388,3.58,0.0,0.03338,1.0
2.388,3.69,0.0,0.02059,1.0
2.388,3.79,0.0,0.01222,1.0
2.388,3.9,0.0,0.00698,1.0
2.388,4.0,0.0,0.00383,1.0
2.408,1.5,0.15866,0.99018,1.0
2.408,1.6,0.11346,0.98321,1.0
2.408,1.71,0.07829,0.97236,1.0
2.408,1.81,0.05208,0.95621,1.0
2.408,1.92,0.03338,0.93319,1.0
2.408,2.02,0.02059,0.90176,1.0
2.408,2.12,0.01222,0.86067,1.0
2.408,2.23,0.00698,0.80921,1.0
2.408,2.33,0.00383,0.74751,1.0
2.408,2.44,0.00202,0.67664,1.0
2.408,2.54,0.00102,0.59871,1.0
2.408,2.65,0.0005,0.51662,1.0
2.408,2.75,0.00023,0.43382,1.0
2.408,2.85,0.0001,0.35383,1.0
2.408,2.96,4e-05,0.27983,1.0
2.408,3.06,2e-05,0.21428,1.0
2.408,3.17,1e-05,0.15866,1.0
2.408,3.27,0.0,0.11346,1.0
2.408,3.38,0.0,0.07829,1.0
2.408,3.48,0.0,0.05208,1.0
2.408,3.58,0.0,0.03338,1.0
2.408,3.69,0.0,0.02059,1.0
2.408,3.79,0.0,0.01222,1.0
2.408,3.9,0.0,0.00698,1.0
2.408,4.0,0.0,0.00383,1.0
2.429,1.5,0.15866,0.99018,1.0
2.429,1.6,0.11346,0.98321,1.0
2.429,1.71,0.07829,0.97236,1.0
2.429,1.81,0.05208,0.95621,1.0
2.429,1.92,0.03338,0.93319,1.0
2.429,2.02,0.02059,0.90176,1.0
2.429,2.12,0.01222,0.86067,1.0
2.429,2.23,0.00698,0.80921,1.0
2.429,2.33,0.00383,0.74751,1.0
2.429,2.44,0.00202,0.67664,1.0
2.429,2.54,0.00102,0.59871,1.0
2.429,2.65,0.0005,0.51662,1.0
2.429,2.75,0.00023,0.43382,1.0
2.429,2.85,0.0001,0.35383,1.0
2.429,2.96,4e-05,0.27983,1.0
2.429,3.06,2e-05,0.21428,1.0
2.429,3.17,1e-05,0.15866,1.0
2.429,3.27,0.0,0.11346,1.0
2.429,3.38,0.0,0.07829,1.0
2.429,3.48,0.0,0.05208,1.0
2.429,3.58,0.0,0.03338,1.0
2.429,3.69,0.0,0.02059,1.0
2.429,3.79,0.0,0.01222,1.0
2.429,3.9,0.0,0.00698,1.0
2.429,4.0,0.0,0.00383,1.0
2.45,1.5,0.15866,0.99018,1.0
2.45,1.6,0.11346,0.98321,1.0
2.45,1.71,0.07829,0.97236,1.0
2.45,1.81,0.05208,0.95621,1.0
2.45,1.92,0.03338,0.93319,1.0
2.45,2.02,0.02059,0.90176,1.0
2.45,2.12,0.01222,0.86067,1.0
2.45,2.23,0.00698,0.80921,1.0
2.45,2.33,0.00383,0.74751,1.0
2.45,2.44,0.00202,0.67664,1.0
2.45,2.54,0.00102,0.59871,1.0
2.45,2.65,0.0005,0.51662,1.0
2.45,2.75,0.00023,0.43382,1.0
2.45,2.85,0.0001,0.35383,1.0
2.45,2.96,4e-05,0.27983,1.0
2.45,3.06,2e-05,0.21428,1.0
2.45,3.17,1e-05,0.15866,1.0
2.45,3.27,0.0,0.11346,1.0
2.45,3.38,0.0,0.07829,1.0
2.45,3.48,0.0,0.05208,1.0
2.45,3.58,0.0,0.03338,1.0
2.45,3.69,0.0,0.02059,1.0
2.45,3.79,0.0,0.01222,1.0
2.45,3.9,0.0,0.00698,1.0
2.45,4.0,0.0,0.00383,1.0
2.471,1.5,0.15866,0.99018,1.0
2.471,1.6,0.11346,0.98321,1.0
2.471,1.71,0.07829,0.97236,1.0
2.471,1.81,0.05208,0.95621,1.0
2.471,1.92,0.03338,0.93319,1.0
2.471,2.02,0.02059,0.90176,1.0
2.471,2.12,0.01222,0.86067,1.0
2.471,2.23,0.00698,0.80921,1.0
2.471,2.33,0.00383,0.74751,1.0
2.471,2.44,0.00202,0.67664,1.0
2.471,2.54,0.00102,0.59871,1.0
2.471,2.65,0.0005,0.51662,1.0
2.471,2.75,0.00023,0.43382,1.0
2.471,2.85,0.0001,0.35383,1.0
2.471,2.96,4e-05,0.27983,1.0
2.471,3.06,2e-05,0.21428,1.0
2.471,3.17,1e-05,0.15866,1.0
2.471,3.27,0.0,0.11346,1.0
2.471,3.38,0.0,0.07829,1.0
2.471,3.48,0.0,0.05208,1.0
2.471,3.58,0.0,0.03338,1.0
2.471,3.69,0.0,0.02059,1.0
2.471,3.79,0.0,0.01222,1.0
2.471,3.9,0.0,0.00698,1.0
2.471,4.0,0.0,0.00383,1.0
2.492,1.5,0.15866,0.99018,1.0
2.492,1.6,0.11346,0.98321,1.0
2.492,1.71,0.07829,0.97236,1.0
2.492,1.81,0.05208,0.95621,1.0
2.492,1.92,0.03338,0.93319,1.0
2.492,2.02,0.02059,0.90176,1.0
2.492,2.12,0.01222,0.86067,1.0
2.492,2.23,0.00698,0.80921,1.0
2.492,2.33,0.00383,0.74751,1.0
2.492,2.44,0.00202,0.67664,1.0
2.492,2.54,0.00102,0.59871,1.0
2.492,2.65,0.0005,0.51662,1.0
2.492,2.75,0.00023,0.43382,1.0
2.492,2.85,0.0001,0.35383,1.0
2.492,2.96,4e-05,0.27983,1.0
2.492,3.06,2e-05,0.21428,1.0
2.492,3.17,1e-05,0.15866,1.0
2.492,3.27,0.0,0.11346,1.0
2.492,3.38,0.0,0.07829,1.0
2.492,3.48,0.0,0.05208,1.0
2.492,3.58,0.0,0.03338,1.0
2.492,3.69,0.0,0.02059,1.0
2.492,3.79,0.0,0.01222,1.0
2.492,3.9,0.0,0.00698,1.0
2.492,4.0,0.0,0.00383,1.0
2.512,1.5,0.15866,0.99018,1.0
2.512,1.6,0.11346,0.98321,1.0
2.512,1.71,0.07829,0.97236,1.0
2.512,1.81,0.05208,0.95621,1.0
2.512,1.92,0.03338,0.93319,1.0
2.512,2.02,0.02059,0.90176,1.0
2.512,2.12,0.01222,0.86067,1.0
2.512,2.23,0.00698,0.80921,1.0
2.512,2.33,0.00383,0.74751,1.0
2.512,2.44,0.00202,0.67664,1.0
2.512,2.54,0.00102,0.59871,1.0
2.512,2.65,0.0005,0.51662,1.0
2.512,2.75,0.00023,0.43382,1.0
2.512,2.85,0.0001,0.35383,1.0
2.512,2.96,4e-05,0.27983,1.0
2.512,3.06,2e-05,0.21428,1.0
2.512,3.17,1e-05,0.15866,1.0
2.512,3.27,0.0,0.11346,1.0
2.512,3.38,0.0,0.07829,1.0
2.512,3.48,0.0,0.05208,1.0
2.512,3.58,0.0,0.03338,1.0
2.512,3.69,0.0,0.02059,1.0
2.512,3.79,0.0,0.01222,1.0
2.512,3.9,0.0,0.00698,1.0
2.512,4.0,0.0,0.00383,1.0
2.533,1.5,0.15866,0.99018,1.0
2.533,1.6,0.11346,0.98321,1.0
2.533,1.71,0.07829,0.97236,1.0
2.533,1.81,0.05208,0.95621,1.0
2.533,1.92,0.03338,0.93319,1.0
2.533,2.02,0.02059,0.90176,1.0
2.533,2.12,0.01222,0.86067,1.0
2.533,2.23,0.00698,0.80921,1.0
2.533,2.33,0.00383,0.74751,1.0
2.533,2.44,0.00202,0.67664,1.0
2.533,2.54,0.00102,0.59871,1.0
2.533,2.65,0.0005,0.51662,1.0
2.533,2.75,0.00023,0.43382,1.0
2.533,2.85,0.0001,0.35383,1.0
2.533,2.96,4e-05,0.27983,1.0
2.533,3.06,2e-05,0.21428,1.0
2.533,3.17,1e-05,0.15866,1.0
2.533,3.27,0.0,0.11346,1.0
2.533,3.38,0.0,0.07829,1.0
2.533,3.48,0.0,0.05208,1.0
2.533,3.58,0.0,0.03338,1.0
2.533,3.69,0.0,0.02059,1.0
2.533,3.79,0.0,0.01222,1.0
2.533,3.9,0.0,0.00698,1.0
2.533,4.0,0.0,0.00383,1.0
2.554,1.5,0.15866,0.99018,1.0
2.554,1.6,0.11346,0.98321,1.0
2.554,1.71,0.07829,0.97236,1.0
2.554,1.81,0.05208,0.95621,1.0
2.554,1.92,0.03338,0.93319,1.0
2.554,2.02,0.02059,0.90176,1.0
2.554,2.12,0.01222,0.86067,1.0
2.554,2.23,0.00698,0.80921,1.0
2.554,2.33,0.00383,0.74751,1.0
2.554,2.44,0.00202,0.67665,1.0
2.554,2.54,0.00102,0.59871,1.0
2.554,2.65,0.0005,0.51662,1.0
2.554,2.75,0.00023,0.43382,1.0
2.554,2.85,0.0001,0.35383,1.0
2.554,2.96,4e-05,0.27984,1.0
2.554,3.06,2e-05,0.21428,1.0
2.554,3.17,1e-05,0.15866,1.0
2.554,3.27,0.0,0.11346,1.0
2.554,3.38,0.0,0.07829,1.0
2.554,3.48,0.0,0.05209,1.0
2.554,3.58,0.0,0.03338,1.0
2.554,3.69,0.0,0.0206,1.0
2.554,3.79,0.0,0.01223,1.0
2.554,3.9,0.0,0.00698,1.0
2.554,4.0,0.0,0.00384,1.0
2.575,1.5,0.15866,0.99019,1.0
2.575,1.6,0.11346,0.98321,1.0
2.575,1.71,0.07829,0.97236,1.0
2.575,1.81,0.05208,0.95621,1.0
2.575,1.92,0.03338,0.9332,1.0
2.575,2.02,0.02059,0.90177,1.0
2.575,2.12,0.01222,0.86068,1.0
2.575,2.23,0.00698,0.80922,1.0
2.575,2.33,0.00383,0.74752,1.0
2.575,2.44,0.00202,0.67666,1.0
2.575,2.54,0.00102,0.59873,1.0
2.575,2.65,0.0005,0.51664,1.0
2.575,2.75,0.00023,0.43384,1.0
2.575,2.85,0.0001,0.35386,1.0
2.575,2.96,4e-05,0.27987,1.0
2.575,3.06,2e-05,0.21432,1.0
2.575,3.17,1e-05,0.1587,1.0
2.575,3.27,0.0,0.1135,1.0
2.575,3.38,0.0,0.07834,1.0
2.575,3.48,0.0,0.05213,1.0
2.575,3.58,0.0,0.03342,1.0
2.575,3.69,0.0,0.02064,1.0
2.575,3.79,0.0,0.01227,1.0
2.575,3.9,0.0,0.00703,1.0
2.575,4.0,0.0,0.00388,1.0
2.596,1.5,0.15866,0.99019,1.0
2.596,1.6,0.11346,0.98321,1.0
2.596,1.71,0.07829,0.97237,1.0
2.596,1.81,0.05208,0.95623,1.0
2.596,1.92,0.03338,0.93322,1.0
2.596,2.02,0.02059,0.9018,1.0
2.596,2.12,0.01222,0.86072,1.0
2.596,2.23,0.00698,0.80928,1.0
2.596,2.33,0.00383,0.7476,1.0
2.596,2.44,0.00202,0.67676,1.0
2.596,2.54,0.00102,0.59886,1.0
2.596,2.65,0.0005,0.5168,1.0
2.596,2.75,0.00023,0.43403,1.0
2.596,2.85,0.0001,0.35407,1.0
2.596,2.96,5e-05,0.2801,1.0
2.596,3.06,2e-05,0.21457,1.0
2.596,3.17,1e-05,0.15897,1.0
2.596,3.27,0.0,0.11379,1.0
2.596,3.38,0.0,0.07863,1.0
2.596,3.48,0.0,0.05244,1.0
2.596,3.58,0.0,0.03374,1.0
2.596,3.69,0.0,0.02096,1.0
2.596,3.79,0.0,0.01259,1.0
2.596,3.9,0.0,0.00735,1.0
2.596,4.0,0.0,0.0042,1.0
2.617,1.5,0.15866,0.99021,1.0
2.617,1.6,0.11346,0.98324,1.0
2.617,1.71,0.07829,0.97242,1.0
2.617,1.81,0.05208,0.95631,1.0
2.617,1.92,0.03338,0.93334,1.0
2.617,2.02,0.02059,0.90198,1.0
2.617,2.12,0.01223,0.86097,1.0
2.617,2.23,0.00698,0.80963,1.0
2.617,2.33,0.00383,0.74806,1.0
2.617,2.44,0.00202,0.67735,1.0
2.617,2.54,0.00103,0.59958,1.0
2.617,2.65,0.0005,0.51767,1.0
2.617,2.75,0.00023,0.43505,1.0
2.617,2.85,0.00011,0.35524,1.0
2.617,2.96,5e-05,0.2814,1.0
2.617,3.06,2e-05,0.21599,1.0
2.617,3.17,1e-05,0.16049,1.0
2.617,3.27,1e-05,0.11539,1.0
2.617,3.38,0.0,0.0803,1.0
2.617,3.48,0.0,0.05415,1.0
2.617,3.58,0.0,0.03548,1.0
2.617,3.69,0.0,0.02273,1.0
2.617,3.79,0.0,0.01438,1.0
2.617,3.9,0.0,0.00914,1.0
2.617,4.0,0.0,0.006,1.0
2.638,1.5,0.15868,0.99028,1.0
2.638,1.6,0.11348,0.98337,1.0
2.638,1.71,0.07831,0.97263,1.0
2.638,1.81,0.0521,0.95665,1.0
2.638,1.92,0.0334,0.93385,1.0
2.638,2.02,0.02062,0.90274,1.0
2.638,2.12,0.01225,0.86205,1.0
2.638,2.23,0.007,0.8111,1.0
2.638,2.33,0.00385,0.75001,1.0
2.638,2.44,0.00204,0.67985,1.0
2.638,2.54,0.00105,0.60268,1.0
2.638,2.65,0.00052,0.5214,1.0
2.638,2.75,0.00026,0.43942,1.0
2.638,2.85,0.00013,0.36023,1.0
2.638,2.96,7e-05,0.28697,1.0
2.638,3.06,4e-05,0.22206,1.0
2.638,3.17,3e-05,0.16699,1.0
2.638,3.27,3e-05,0.12224,1.0
2.638,3.38,3e-05,0.08742,1.0
2.638,3.48,2e-05,0.06147,1.0
2.638,3.58,2e-05,0.04295,1.0
2.638,3.69,2e-05,0.03029,1.0
2.638,3.79,2e-05,0.02201,1.0
2.638,3.9,2e-05,0.01681,1.0
2.638,4.0,2e-05,0.0137,1.0
2.658,1.5,0.15882,0.99053,1.0
2.658,1.6,0.11364,0.9838,1.0
2.658,1.71,0.07847,0.97333,1.0
2.658,1.81,0.05227,0.95775,1.0
2.658,1.92,0.03357,0.93555,1.0
2.658,2.02,0.02079,0.90522,1.0
2.658,2.12,0.01242,0.86558,1.0
2.658,2.23,0.00718,0.81593,1.0
2.658,2.33,0.00403,0.7564,1.0
2.658,2.44,0.00222,0.68803,1.0
2.658,2.54,0.00122,0.61284,1.0
2.658,2.65,0.0007,0.53364,1.0
2.658,2.75,0.00043,0.45375,1.0
2.658,2.85,0.0003,0.37658,1.0
2.658,2.96,0.00024,0.30519,1.0
2.658,3.06,0.00022,0.24194,1.0
2.658,3.17,0.00021,0.18828,1.0
2.658,3.27,0.0002,0.14468,1.0
2.658,3.38,0.0002,0.11075,1.0
2.658,3.48,0.0002,0.08546,1.0
2.658,3.58,0.0002,0.06741,1.0
2.658,3.69,0.0002,0.05508,1.0
2.658,3.79,0.0002,0.04701,1.0
2.658,3.9,0.0002,0.04195,1.0
2.658,4.0,0.0002,0.03891,1.0
2.679,1.5,0.15972,0.99115,1.0
2.679,1.6,0.11458,0.98487,1.0
2.679,1.71,0.07945,0.97509,1.0
2.679,1.81,0.05328,0.96054,1.0
2.679,1.92,0.03459,0.93979,1.0
2.679,2.02,0.02183,0.91147,1.0
2.679,2.12,0.01347,0.87444,1.0
2.679,2.23,0.00823,0.82807,1.0
2.679,2.33,0.00509,0.77246,1.0
2.679,2.44,0.00328,0.7086,1.0
2.679,2.54,0.00228,0.63836,1.0
2.679,2.65,0.00176,0.56438,1.0
2.679,2.75,0.00149,0.48976,1.0
2.679,2.85,0.00136,0.41768,1.0
2.679,2.96,0.00131,0.351,1.0
2.679,3.06,0.00128,0.29192,1.0
2.679,3.17,0.00127,0.24179,1.0
2.679,3.27,0.00126,0.20106,1.0
2.679,3.38,0.00126,0.16937,1.0
2.679,3.48,0.00126,0.14575,1.0
2.679,3.58,0.00126,0.12889,1.0
2.679,3.69,0.00126,0.11737,1.0
2.679,3.79,0.00126,0.10983,1.0
2.679,3.9,0.00126,0.1051,1.0
2.679,4.0,0.00126,0.10227,1.0
2.7,1.5,0.16388,0.99236,1.0
2.7,1.6,0.11896,0.98692,1.0
2.7,1.71,0.08401,0.97848,1.0
2.7,1.81,0.05797,0.96591,1.0
2.7,1.92,0.03938,0.94798,1.0
2.7,2.02,0.02667,0.92351,1.0
2.7,2.12,0.01836,0.89152,1.0
2.7,2.23,0.01315,0.85145,1.0
2.7,2.33,0.01002,0.80341,1.0
2.7,2.44,0.00822,0.74823,1.0
2.7,2.54,0.00723,0.68755,1.0
2.7,2.65,0.0067,0.62363,1.0
2.7,2.75,0.00644,0.55916,1.0
2.7,2.85,0.00631,0.49689,1.0
2.7,2.96,0.00625,0.43927,1.0
2.7,3.06,0.00623,0.38823,1.0
2.7,3.17,0.00622,0.34492,1.0
2.7,3.27,0.00621,0.30973,1.0
2.7,3.38,0.00621,0.28235,1.0
2.7,3.48,0.00621,0.26194,1.0
2.7,3.58,0.00621,0.24738,1.0
2.7,3.69,0.00621,0.23743,1.0
2.7,3.79,0.00621,0.23091,1.0
2.7,3.9,0.00621,0.22683,1.0
2.7,4.0,0.00621,0.22437,1.0
